file_name,target
brownian_image_98.png,0
brownian_image_97.png,0
brownian_image_96.png,0
brownian_image_95.png,0
brownian_image_94.png,0
brownian_image_93.png,0
brownian_image_90.png,0
brownian_image_91.png,0
brownian_image_92.png,0
brownian_image_9.png,0
brownian_image_89.png,0
brownian_image_88.png,0
brownian_image_87.png,0
brownian_image_84.png,0
brownian_image_85.png,0
brownian_image_86.png,0
brownian_image_83.png,0
brownian_image_82.png,0
brownian_image_81.png,0
brownian_image_8.png,0
brownian_image_80.png,0
brownian_image_79.png,0
brownian_image_78.png,0
brownian_image_77.png,0
brownian_image_76.png,0
brownian_image_74.png,0
brownian_image_75.png,0
brownian_image_73.png,0
brownian_image_72.png,0
brownian_image_7.png,0
brownian_image_71.png,0
brownian_image_69.png,0
brownian_image_70.png,0
brownian_image_65.png,0
brownian_image_68.png,0
brownian_image_62.png,0
brownian_image_58.png,0
brownian_image_63.png,0
brownian_image_61.png,0
brownian_image_59.png,0
brownian_image_56.png,0
brownian_image_6.png,0
brownian_image_64.png,0
brownian_image_60.png,0
brownian_image_499.png,0
brownian_image_54.png,0
brownian_image_57.png,0
brownian_image_52.png,0
brownian_image_51.png,0
brownian_image_5.png,0
brownian_image_497.png,0
brownian_image_53.png,0
brownian_image_50.png,0
brownian_image_491.png,0
brownian_image_490.png,0
brownian_image_498.png,0
brownian_image_55.png,0
brownian_image_492.png,0
brownian_image_494.png,0
brownian_image_496.png,0
brownian_image_484.png,0
brownian_image_485.png,0
brownian_image_67.png,0
brownian_image_49.png,0
brownian_image_493.png,0
brownian_image_495.png,0
brownian_image_66.png,0
brownian_image_478.png,0
brownian_image_48.png,0
brownian_image_487.png,0
brownian_image_489.png,0
brownian_image_480.png,0
brownian_image_482.png,0
brownian_image_483.png,0
brownian_image_476.png,0
brownian_image_481.png,0
brownian_image_486.png,0
brownian_image_479.png,0
brownian_image_474.png,0
brownian_image_477.png,0
brownian_image_472.png,0
brownian_image_473.png,0
brownian_image_475.png,0
brownian_image_471.png,0
brownian_image_468.png,0
brownian_image_47.png,0
brownian_image_469.png,0
brownian_image_463.png,0
brownian_image_470.png,0
brownian_image_488.png,0
brownian_image_464.png,0
brownian_image_467.png,0
brownian_image_46.png,0
brownian_image_466.png,0
brownian_image_458.png,0
brownian_image_462.png,0
brownian_image_459.png,0
brownian_image_460.png,0
brownian_image_461.png,0
brownian_image_457.png,0
brownian_image_455.png,0
brownian_image_451.png,0
brownian_image_453.png,0
brownian_image_450.png,0
brownian_image_465.png,0
brownian_image_456.png,0
brownian_image_454.png,0
brownian_image_452.png,0
brownian_image_45.png,0
brownian_image_448.png,0
brownian_image_449.png,0
brownian_image_447.png,0
brownian_image_445.png,0
brownian_image_446.png,0
brownian_image_444.png,0
brownian_image_440.png,0
brownian_image_442.png,0
brownian_image_441.png,0
brownian_image_439.png,0
brownian_image_44.png,0
brownian_image_437.png,0
brownian_image_436.png,0
brownian_image_435.png,0
brownian_image_443.png,0
brownian_image_432.png,0
brownian_image_431.png,0
brownian_image_430.png,0
brownian_image_433.png,0
brownian_image_43.png,0
brownian_image_429.png,0
brownian_image_428.png,0
brownian_image_424.png,0
brownian_image_423.png,0
brownian_image_422.png,0
brownian_image_421.png,0
brownian_image_425.png,0
brownian_image_420.png,0
brownian_image_42.png,0
brownian_image_434.png,0
brownian_image_438.png,0
brownian_image_426.png,0
brownian_image_427.png,0
brownian_image_419.png,0
brownian_image_418.png,0
brownian_image_417.png,0
brownian_image_416.png,0
brownian_image_415.png,0
brownian_image_413.png,0
brownian_image_412.png,0
brownian_image_411.png,0
brownian_image_410.png,0
brownian_image_41.png,0
brownian_image_408.png,0
brownian_image_409.png,0
brownian_image_414.png,0
brownian_image_407.png,0
brownian_image_405.png,0
brownian_image_406.png,0
brownian_image_404.png,0
brownian_image_402.png,0
brownian_image_403.png,0
brownian_image_40.png,0
brownian_image_400.png,0
brownian_image_4.png,0
brownian_image_399.png,0
brownian_image_401.png,0
brownian_image_398.png,0
brownian_image_397.png,0
brownian_image_396.png,0
brownian_image_395.png,0
brownian_image_394.png,0
brownian_image_392.png,0
brownian_image_391.png,0
brownian_image_393.png,0
brownian_image_390.png,0
brownian_image_39.png,0
brownian_image_389.png,0
brownian_image_388.png,0
brownian_image_386.png,0
brownian_image_385.png,0
brownian_image_387.png,0
brownian_image_384.png,0
brownian_image_383.png,0
brownian_image_382.png,0
brownian_image_381.png,0
brownian_image_380.png,0
brownian_image_38.png,0
brownian_image_379.png,0
brownian_image_377.png,0
brownian_image_376.png,0
brownian_image_375.png,0
brownian_image_378.png,0
brownian_image_374.png,0
brownian_image_373.png,0
brownian_image_372.png,0
brownian_image_371.png,0
brownian_image_370.png,0
brownian_image_37.png,0
brownian_image_369.png,0
brownian_image_368.png,0
brownian_image_367.png,0
brownian_image_366.png,0
brownian_image_365.png,0
brownian_image_364.png,0
brownian_image_363.png,0
brownian_image_362.png,0
brownian_image_361.png,0
brownian_image_360.png,0
brownian_image_36.png,0
brownian_image_359.png,0
brownian_image_357.png,0
brownian_image_358.png,0
brownian_image_355.png,0
brownian_image_354.png,0
brownian_image_353.png,0
brownian_image_356.png,0
brownian_image_352.png,0
brownian_image_350.png,0
brownian_image_351.png,0
brownian_image_348.png,0
brownian_image_35.png,0
brownian_image_347.png,0
brownian_image_349.png,0
brownian_image_346.png,0
brownian_image_345.png,0
brownian_image_344.png,0
brownian_image_343.png,0
brownian_image_342.png,0
brownian_image_341.png,0
brownian_image_340.png,0
brownian_image_339.png,0
brownian_image_34.png,0
brownian_image_338.png,0
brownian_image_337.png,0
brownian_image_336.png,0
brownian_image_334.png,0
brownian_image_335.png,0
brownian_image_333.png,0
brownian_image_331.png,0
brownian_image_332.png,0
brownian_image_330.png,0
brownian_image_33.png,0
brownian_image_328.png,0
brownian_image_329.png,0
brownian_image_327.png,0
brownian_image_326.png,0
brownian_image_325.png,0
brownian_image_324.png,0
brownian_image_323.png,0
brownian_image_322.png,0
brownian_image_321.png,0
brownian_image_32.png,0
brownian_image_320.png,0
brownian_image_319.png,0
brownian_image_316.png,0
brownian_image_317.png,0
brownian_image_318.png,0
brownian_image_314.png,0
brownian_image_315.png,0
brownian_image_313.png,0
brownian_image_312.png,0
brownian_image_311.png,0
brownian_image_31.png,0
brownian_image_310.png,0
brownian_image_309.png,0
brownian_image_308.png,0
brownian_image_306.png,0
brownian_image_307.png,0
brownian_image_305.png,0
brownian_image_304.png,0
brownian_image_302.png,0
brownian_image_303.png,0
brownian_image_301.png,0
brownian_image_300.png,0
brownian_image_30.png,0
brownian_image_3.png,0
brownian_image_299.png,0
brownian_image_298.png,0
brownian_image_296.png,0
brownian_image_295.png,0
brownian_image_297.png,0
brownian_image_293.png,0
brownian_image_294.png,0
brownian_image_292.png,0
brownian_image_291.png,0
brownian_image_290.png,0
brownian_image_29.png,0
brownian_image_289.png,0
brownian_image_288.png,0
brownian_image_287.png,0
brownian_image_286.png,0
brownian_image_284.png,0
brownian_image_285.png,0
brownian_image_283.png,0
brownian_image_282.png,0
brownian_image_281.png,0
brownian_image_280.png,0
brownian_image_28.png,0
brownian_image_279.png,0
brownian_image_278.png,0
brownian_image_277.png,0
brownian_image_276.png,0
brownian_image_274.png,0
brownian_image_275.png,0
brownian_image_273.png,0
brownian_image_272.png,0
brownian_image_271.png,0
brownian_image_269.png,0
brownian_image_27.png,0
brownian_image_268.png,0
brownian_image_267.png,0
brownian_image_266.png,0
brownian_image_264.png,0
brownian_image_263.png,0
brownian_image_265.png,0
brownian_image_262.png,0
brownian_image_261.png,0
brownian_image_26.png,0
brownian_image_260.png,0
brownian_image_258.png,0
brownian_image_259.png,0
brownian_image_257.png,0
brownian_image_256.png,0
brownian_image_254.png,0
brownian_image_255.png,0
brownian_image_253.png,0
brownian_image_252.png,0
brownian_image_251.png,0
brownian_image_25.png,0
brownian_image_270.png,0
brownian_image_249.png,0
brownian_image_248.png,0
brownian_image_250.png,0
brownian_image_247.png,0
brownian_image_246.png,0
brownian_image_244.png,0
brownian_image_243.png,0
brownian_image_245.png,0
brownian_image_241.png,0
brownian_image_242.png,0
brownian_image_240.png,0
brownian_image_24.png,0
brownian_image_239.png,0
brownian_image_236.png,0
brownian_image_238.png,0
brownian_image_237.png,0
brownian_image_234.png,0
brownian_image_233.png,0
brownian_image_235.png,0
brownian_image_232.png,0
brownian_image_231.png,0
brownian_image_230.png,0
brownian_image_23.png,0
brownian_image_229.png,0
brownian_image_228.png,0
brownian_image_227.png,0
brownian_image_225.png,0
brownian_image_226.png,0
brownian_image_224.png,0
brownian_image_222.png,0
brownian_image_223.png,0
brownian_image_221.png,0
brownian_image_220.png,0
brownian_image_22.png,0
brownian_image_219.png,0
brownian_image_218.png,0
brownian_image_217.png,0
brownian_image_216.png,0
brownian_image_215.png,0
brownian_image_214.png,0
brownian_image_213.png,0
brownian_image_212.png,0
brownian_image_210.png,0
brownian_image_21.png,0
brownian_image_211.png,0
brownian_image_209.png,0
brownian_image_208.png,0
brownian_image_207.png,0
brownian_image_206.png,0
brownian_image_205.png,0
brownian_image_204.png,0
brownian_image_203.png,0
brownian_image_202.png,0
brownian_image_201.png,0
brownian_image_200.png,0
brownian_image_2.png,0
brownian_image_198.png,0
brownian_image_20.png,0
brownian_image_197.png,0
brownian_image_199.png,0
brownian_image_196.png,0
brownian_image_195.png,0
brownian_image_194.png,0
brownian_image_193.png,0
brownian_image_192.png,0
brownian_image_190.png,0
brownian_image_19.png,0
brownian_image_191.png,0
brownian_image_189.png,0
brownian_image_188.png,0
brownian_image_187.png,0
brownian_image_186.png,0
brownian_image_185.png,0
brownian_image_183.png,0
brownian_image_184.png,0
brownian_image_181.png,0
brownian_image_182.png,0
brownian_image_180.png,0
brownian_image_18.png,0
brownian_image_179.png,0
brownian_image_177.png,0
brownian_image_176.png,0
brownian_image_178.png,0
brownian_image_174.png,0
brownian_image_175.png,0
brownian_image_172.png,0
brownian_image_171.png,0
brownian_image_173.png,0
brownian_image_170.png,0
brownian_image_17.png,0
brownian_image_169.png,0
brownian_image_168.png,0
brownian_image_166.png,0
brownian_image_165.png,0
brownian_image_167.png,0
brownian_image_164.png,0
brownian_image_163.png,0
brownian_image_161.png,0
brownian_image_160.png,0
brownian_image_162.png,0
brownian_image_16.png,0
brownian_image_159.png,0
brownian_image_158.png,0
brownian_image_157.png,0
brownian_image_156.png,0
brownian_image_155.png,0
brownian_image_154.png,0
brownian_image_152.png,0
brownian_image_150.png,0
brownian_image_151.png,0
brownian_image_15.png,0
brownian_image_153.png,0
brownian_image_149.png,0
brownian_image_148.png,0
brownian_image_147.png,0
brownian_image_146.png,0
brownian_image_145.png,0
brownian_image_144.png,0
brownian_image_143.png,0
brownian_image_142.png,0
brownian_image_141.png,0
brownian_image_140.png,0
brownian_image_139.png,0
brownian_image_14.png,0
brownian_image_138.png,0
brownian_image_137.png,0
brownian_image_135.png,0
brownian_image_136.png,0
brownian_image_132.png,0
brownian_image_134.png,0
brownian_image_133.png,0
brownian_image_131.png,0
brownian_image_130.png,0
brownian_image_13.png,0
brownian_image_128.png,0
brownian_image_129.png,0
brownian_image_127.png,0
brownian_image_125.png,0
brownian_image_126.png,0
brownian_image_123.png,0
brownian_image_122.png,0
brownian_image_121.png,0
brownian_image_124.png,0
brownian_image_120.png,0
brownian_image_12.png,0
brownian_image_119.png,0
brownian_image_118.png,0
brownian_image_117.png,0
brownian_image_116.png,0
brownian_image_115.png,0
brownian_image_114.png,0
brownian_image_113.png,0
brownian_image_112.png,0
brownian_image_111.png,0
brownian_image_110.png,0
brownian_image_109.png,0
brownian_image_108.png,0
brownian_image_11.png,0
brownian_image_107.png,0
brownian_image_105.png,0
brownian_image_106.png,0
brownian_image_103.png,0
brownian_image_102.png,0
brownian_image_101.png,0
brownian_image_100.png,0
brownian_image_104.png,0
brownian_image_10.png,0
brownian_image_1.png,0
brownian_image_99.png,0
brownian_image_0.png,0
fbm_image_97.png,1
fbm_image_98.png,1
fbm_image_96.png,1
fbm_image_95.png,1
fbm_image_94.png,1
fbm_image_93.png,1
fbm_image_92.png,1
fbm_image_91.png,1
fbm_image_90.png,1
fbm_image_9.png,1
fbm_image_89.png,1
fbm_image_88.png,1
fbm_image_85.png,1
fbm_image_87.png,1
fbm_image_86.png,1
fbm_image_84.png,1
fbm_image_83.png,1
fbm_image_82.png,1
fbm_image_8.png,1
fbm_image_81.png,1
fbm_image_80.png,1
fbm_image_78.png,1
fbm_image_79.png,1
fbm_image_77.png,1
fbm_image_76.png,1
fbm_image_75.png,1
fbm_image_73.png,1
fbm_image_74.png,1
fbm_image_72.png,1
fbm_image_71.png,1
fbm_image_70.png,1
fbm_image_7.png,1
fbm_image_69.png,1
fbm_image_68.png,1
fbm_image_67.png,1
fbm_image_66.png,1
fbm_image_64.png,1
fbm_image_65.png,1
fbm_image_63.png,1
fbm_image_61.png,1
fbm_image_60.png,1
fbm_image_59.png,1
fbm_image_6.png,1
fbm_image_62.png,1
fbm_image_56.png,1
fbm_image_57.png,1
fbm_image_58.png,1
fbm_image_55.png,1
fbm_image_54.png,1
fbm_image_53.png,1
fbm_image_51.png,1
fbm_image_50.png,1
fbm_image_5.png,1
fbm_image_52.png,1
fbm_image_498.png,1
fbm_image_499.png,1
fbm_image_497.png,1
fbm_image_496.png,1
fbm_image_494.png,1
fbm_image_495.png,1
fbm_image_493.png,1
fbm_image_492.png,1
fbm_image_491.png,1
fbm_image_490.png,1
fbm_image_49.png,1
fbm_image_489.png,1
fbm_image_488.png,1
fbm_image_487.png,1
fbm_image_486.png,1
fbm_image_485.png,1
fbm_image_484.png,1
fbm_image_483.png,1
fbm_image_482.png,1
fbm_image_481.png,1
fbm_image_48.png,1
fbm_image_479.png,1
fbm_image_478.png,1
fbm_image_477.png,1
fbm_image_480.png,1
fbm_image_476.png,1
fbm_image_475.png,1
fbm_image_474.png,1
fbm_image_473.png,1
fbm_image_472.png,1
fbm_image_471.png,1
fbm_image_470.png,1
fbm_image_47.png,1
fbm_image_468.png,1
fbm_image_469.png,1
fbm_image_467.png,1
fbm_image_466.png,1
fbm_image_465.png,1
fbm_image_463.png,1
fbm_image_461.png,1
fbm_image_462.png,1
fbm_image_464.png,1
fbm_image_460.png,1
fbm_image_46.png,1
fbm_image_459.png,1
fbm_image_457.png,1
fbm_image_458.png,1
fbm_image_456.png,1
fbm_image_455.png,1
fbm_image_454.png,1
fbm_image_453.png,1
fbm_image_452.png,1
fbm_image_450.png,1
fbm_image_451.png,1
fbm_image_449.png,1
fbm_image_45.png,1
fbm_image_448.png,1
fbm_image_447.png,1
fbm_image_446.png,1
fbm_image_445.png,1
fbm_image_444.png,1
fbm_image_443.png,1
fbm_image_441.png,1
fbm_image_440.png,1
fbm_image_442.png,1
fbm_image_44.png,1
fbm_image_439.png,1
fbm_image_438.png,1
fbm_image_437.png,1
fbm_image_436.png,1
fbm_image_435.png,1
fbm_image_434.png,1
fbm_image_433.png,1
fbm_image_432.png,1
fbm_image_431.png,1
fbm_image_430.png,1
fbm_image_429.png,1
fbm_image_43.png,1
fbm_image_428.png,1
fbm_image_427.png,1
fbm_image_426.png,1
fbm_image_425.png,1
fbm_image_424.png,1
fbm_image_423.png,1
fbm_image_422.png,1
fbm_image_421.png,1
fbm_image_420.png,1
fbm_image_42.png,1
fbm_image_419.png,1
fbm_image_418.png,1
fbm_image_416.png,1
fbm_image_417.png,1
fbm_image_414.png,1
fbm_image_413.png,1
fbm_image_415.png,1
fbm_image_412.png,1
fbm_image_411.png,1
fbm_image_410.png,1
fbm_image_41.png,1
fbm_image_408.png,1
fbm_image_407.png,1
fbm_image_409.png,1
fbm_image_406.png,1
fbm_image_405.png,1
fbm_image_404.png,1
fbm_image_403.png,1
fbm_image_401.png,1
fbm_image_402.png,1
fbm_image_400.png,1
fbm_image_40.png,1
fbm_image_4.png,1
fbm_image_399.png,1
fbm_image_397.png,1
fbm_image_398.png,1
fbm_image_396.png,1
fbm_image_395.png,1
fbm_image_394.png,1
fbm_image_391.png,1
fbm_image_393.png,1
fbm_image_392.png,1
fbm_image_390.png,1
fbm_image_39.png,1
fbm_image_389.png,1
fbm_image_388.png,1
fbm_image_386.png,1
fbm_image_385.png,1
fbm_image_387.png,1
fbm_image_384.png,1
fbm_image_383.png,1
fbm_image_382.png,1
fbm_image_38.png,1
fbm_image_381.png,1
fbm_image_380.png,1
fbm_image_379.png,1
fbm_image_378.png,1
fbm_image_377.png,1
fbm_image_376.png,1
fbm_image_375.png,1
fbm_image_374.png,1
fbm_image_373.png,1
fbm_image_371.png,1
fbm_image_372.png,1
fbm_image_370.png,1
fbm_image_37.png,1
fbm_image_369.png,1
fbm_image_368.png,1
fbm_image_367.png,1
fbm_image_365.png,1
fbm_image_366.png,1
fbm_image_363.png,1
fbm_image_364.png,1
fbm_image_362.png,1
fbm_image_361.png,1
fbm_image_360.png,1
fbm_image_36.png,1
fbm_image_359.png,1
fbm_image_358.png,1
fbm_image_357.png,1
fbm_image_356.png,1
fbm_image_355.png,1
fbm_image_352.png,1
fbm_image_354.png,1
fbm_image_353.png,1
fbm_image_351.png,1
fbm_image_35.png,1
fbm_image_350.png,1
fbm_image_349.png,1
fbm_image_347.png,1
fbm_image_348.png,1
fbm_image_346.png,1
fbm_image_345.png,1
fbm_image_344.png,1
fbm_image_343.png,1
fbm_image_342.png,1
fbm_image_341.png,1
fbm_image_340.png,1
fbm_image_338.png,1
fbm_image_339.png,1
fbm_image_34.png,1
fbm_image_337.png,1
fbm_image_336.png,1
fbm_image_335.png,1
fbm_image_334.png,1
fbm_image_333.png,1
fbm_image_332.png,1
fbm_image_331.png,1
fbm_image_330.png,1
fbm_image_33.png,1
fbm_image_329.png,1
fbm_image_327.png,1
fbm_image_328.png,1
fbm_image_326.png,1
fbm_image_325.png,1
fbm_image_324.png,1
fbm_image_323.png,1
fbm_image_322.png,1
fbm_image_321.png,1
fbm_image_320.png,1
fbm_image_32.png,1
fbm_image_319.png,1
fbm_image_318.png,1
fbm_image_317.png,1
fbm_image_316.png,1
fbm_image_315.png,1
fbm_image_314.png,1
fbm_image_313.png,1
fbm_image_312.png,1
fbm_image_311.png,1
fbm_image_31.png,1
fbm_image_310.png,1
fbm_image_309.png,1
fbm_image_308.png,1
fbm_image_307.png,1
fbm_image_306.png,1
fbm_image_305.png,1
fbm_image_304.png,1
fbm_image_303.png,1
fbm_image_302.png,1
fbm_image_301.png,1
fbm_image_300.png,1
fbm_image_30.png,1
fbm_image_3.png,1
fbm_image_299.png,1
fbm_image_298.png,1
fbm_image_297.png,1
fbm_image_295.png,1
fbm_image_294.png,1
fbm_image_296.png,1
fbm_image_293.png,1
fbm_image_292.png,1
fbm_image_291.png,1
fbm_image_290.png,1
fbm_image_29.png,1
fbm_image_289.png,1
fbm_image_288.png,1
fbm_image_287.png,1
fbm_image_286.png,1
fbm_image_284.png,1
fbm_image_285.png,1
fbm_image_283.png,1
fbm_image_282.png,1
fbm_image_280.png,1
fbm_image_281.png,1
fbm_image_278.png,1
fbm_image_279.png,1
fbm_image_28.png,1
fbm_image_277.png,1
fbm_image_276.png,1
fbm_image_275.png,1
fbm_image_274.png,1
fbm_image_273.png,1
fbm_image_272.png,1
fbm_image_271.png,1
fbm_image_270.png,1
fbm_image_27.png,1
fbm_image_269.png,1
fbm_image_268.png,1
fbm_image_267.png,1
fbm_image_266.png,1
fbm_image_265.png,1
fbm_image_263.png,1
fbm_image_262.png,1
fbm_image_264.png,1
fbm_image_261.png,1
fbm_image_260.png,1
fbm_image_26.png,1
fbm_image_259.png,1
fbm_image_258.png,1
fbm_image_255.png,1
fbm_image_257.png,1
fbm_image_256.png,1
fbm_image_254.png,1
fbm_image_253.png,1
fbm_image_252.png,1
fbm_image_251.png,1
fbm_image_250.png,1
fbm_image_25.png,1
fbm_image_249.png,1
fbm_image_248.png,1
fbm_image_247.png,1
fbm_image_246.png,1
fbm_image_245.png,1
fbm_image_244.png,1
fbm_image_243.png,1
fbm_image_242.png,1
fbm_image_241.png,1
fbm_image_24.png,1
fbm_image_239.png,1
fbm_image_240.png,1
fbm_image_238.png,1
fbm_image_237.png,1
fbm_image_234.png,1
fbm_image_235.png,1
fbm_image_233.png,1
fbm_image_236.png,1
fbm_image_232.png,1
fbm_image_231.png,1
fbm_image_23.png,1
fbm_image_229.png,1
fbm_image_230.png,1
fbm_image_228.png,1
fbm_image_227.png,1
fbm_image_226.png,1
fbm_image_225.png,1
fbm_image_224.png,1
fbm_image_223.png,1
fbm_image_221.png,1
fbm_image_222.png,1
fbm_image_220.png,1
fbm_image_22.png,1
fbm_image_219.png,1
fbm_image_218.png,1
fbm_image_217.png,1
fbm_image_216.png,1
fbm_image_215.png,1
fbm_image_214.png,1
fbm_image_213.png,1
fbm_image_212.png,1
fbm_image_211.png,1
fbm_image_210.png,1
fbm_image_21.png,1
fbm_image_209.png,1
fbm_image_208.png,1
fbm_image_206.png,1
fbm_image_207.png,1
fbm_image_204.png,1
fbm_image_205.png,1
fbm_image_203.png,1
fbm_image_202.png,1
fbm_image_201.png,1
fbm_image_200.png,1
fbm_image_20.png,1
fbm_image_2.png,1
fbm_image_199.png,1
fbm_image_198.png,1
fbm_image_197.png,1
fbm_image_196.png,1
fbm_image_195.png,1
fbm_image_193.png,1
fbm_image_192.png,1
fbm_image_194.png,1
fbm_image_190.png,1
fbm_image_19.png,1
fbm_image_189.png,1
fbm_image_191.png,1
fbm_image_188.png,1
fbm_image_187.png,1
fbm_image_186.png,1
fbm_image_185.png,1
fbm_image_183.png,1
fbm_image_184.png,1
fbm_image_182.png,1
fbm_image_181.png,1
fbm_image_18.png,1
fbm_image_180.png,1
fbm_image_178.png,1
fbm_image_176.png,1
fbm_image_177.png,1
fbm_image_179.png,1
fbm_image_175.png,1
fbm_image_174.png,1
fbm_image_173.png,1
fbm_image_172.png,1
fbm_image_171.png,1
fbm_image_170.png,1
fbm_image_168.png,1
fbm_image_17.png,1
fbm_image_169.png,1
fbm_image_167.png,1
fbm_image_166.png,1
fbm_image_165.png,1
fbm_image_164.png,1
fbm_image_163.png,1
fbm_image_162.png,1
fbm_image_160.png,1
fbm_image_161.png,1
fbm_image_16.png,1
fbm_image_159.png,1
fbm_image_158.png,1
fbm_image_156.png,1
fbm_image_155.png,1
fbm_image_154.png,1
fbm_image_157.png,1
fbm_image_153.png,1
fbm_image_152.png,1
fbm_image_15.png,1
fbm_image_151.png,1
fbm_image_149.png,1
fbm_image_150.png,1
fbm_image_148.png,1
fbm_image_147.png,1
fbm_image_146.png,1
fbm_image_145.png,1
fbm_image_143.png,1
fbm_image_144.png,1
fbm_image_142.png,1
fbm_image_141.png,1
fbm_image_140.png,1
fbm_image_14.png,1
fbm_image_139.png,1
fbm_image_138.png,1
fbm_image_137.png,1
fbm_image_135.png,1
fbm_image_134.png,1
fbm_image_133.png,1
fbm_image_132.png,1
fbm_image_136.png,1
fbm_image_131.png,1
fbm_image_130.png,1
fbm_image_13.png,1
fbm_image_129.png,1
fbm_image_128.png,1
fbm_image_127.png,1
fbm_image_126.png,1
fbm_image_125.png,1
fbm_image_124.png,1
fbm_image_123.png,1
fbm_image_122.png,1
fbm_image_121.png,1
fbm_image_120.png,1
fbm_image_12.png,1
fbm_image_119.png,1
fbm_image_118.png,1
fbm_image_117.png,1
fbm_image_116.png,1
fbm_image_115.png,1
fbm_image_114.png,1
fbm_image_113.png,1
fbm_image_112.png,1
fbm_image_111.png,1
fbm_image_110.png,1
fbm_image_11.png,1
fbm_image_108.png,1
fbm_image_107.png,1
fbm_image_109.png,1
fbm_image_106.png,1
fbm_image_105.png,1
fbm_image_103.png,1
fbm_image_104.png,1
fbm_image_102.png,1
fbm_image_101.png,1
fbm_image_100.png,1
fbm_image_10.png,1
fbm_image_0.png,1
fbm_image_1.png,1
fbm_image_99.png,1
ctrw_image_98.png,2
ctrw_image_97.png,2
ctrw_image_95.png,2
ctrw_image_96.png,2
ctrw_image_94.png,2
ctrw_image_93.png,2
ctrw_image_92.png,2
ctrw_image_91.png,2
ctrw_image_90.png,2
ctrw_image_9.png,2
ctrw_image_89.png,2
ctrw_image_88.png,2
ctrw_image_86.png,2
ctrw_image_85.png,2
ctrw_image_87.png,2
ctrw_image_84.png,2
ctrw_image_82.png,2
ctrw_image_83.png,2
ctrw_image_79.png,2
ctrw_image_8.png,2
ctrw_image_78.png,2
ctrw_image_81.png,2
ctrw_image_80.png,2
ctrw_image_77.png,2
ctrw_image_75.png,2
ctrw_image_74.png,2
ctrw_image_70.png,2
ctrw_image_7.png,2
ctrw_image_65.png,2
ctrw_image_72.png,2
ctrw_image_71.png,2
ctrw_image_63.png,2
ctrw_image_76.png,2
ctrw_image_68.png,2
ctrw_image_61.png,2
ctrw_image_67.png,2
ctrw_image_73.png,2
ctrw_image_6.png,2
ctrw_image_64.png,2
ctrw_image_60.png,2
ctrw_image_66.png,2
ctrw_image_58.png,2
ctrw_image_56.png,2
ctrw_image_52.png,2
ctrw_image_69.png,2
ctrw_image_54.png,2
ctrw_image_51.png,2
ctrw_image_50.png,2
ctrw_image_497.png,2
ctrw_image_55.png,2
ctrw_image_57.png,2
ctrw_image_59.png,2
ctrw_image_495.png,2
ctrw_image_498.png,2
ctrw_image_492.png,2
ctrw_image_53.png,2
ctrw_image_493.png,2
ctrw_image_62.png,2
ctrw_image_489.png,2
ctrw_image_499.png,2
ctrw_image_5.png,2
ctrw_image_485.png,2
ctrw_image_49.png,2
ctrw_image_496.png,2
ctrw_image_48.png,2
ctrw_image_491.png,2
ctrw_image_494.png,2
ctrw_image_486.png,2
ctrw_image_488.png,2
ctrw_image_487.png,2
ctrw_image_483.png,2
ctrw_image_490.png,2
ctrw_image_475.png,2
ctrw_image_465.png,2
ctrw_image_482.png,2
ctrw_image_476.png,2
ctrw_image_463.png,2
ctrw_image_477.png,2
ctrw_image_474.png,2
ctrw_image_467.png,2
ctrw_image_470.png,2
ctrw_image_484.png,2
ctrw_image_473.png,2
ctrw_image_466.png,2
ctrw_image_472.png,2
ctrw_image_47.png,2
ctrw_image_478.png,2
ctrw_image_468.png,2
ctrw_image_471.png,2
ctrw_image_481.png,2
ctrw_image_480.png,2
ctrw_image_460.png,2
ctrw_image_464.png,2
ctrw_image_462.png,2
ctrw_image_46.png,2
ctrw_image_479.png,2
ctrw_image_457.png,2
ctrw_image_450.png,2
ctrw_image_456.png,2
ctrw_image_459.png,2
ctrw_image_451.png,2
ctrw_image_452.png,2
ctrw_image_469.png,2
ctrw_image_455.png,2
ctrw_image_45.png,2
ctrw_image_454.png,2
ctrw_image_453.png,2
ctrw_image_458.png,2
ctrw_image_449.png,2
ctrw_image_461.png,2
ctrw_image_447.png,2
ctrw_image_446.png,2
ctrw_image_448.png,2
ctrw_image_445.png,2
ctrw_image_444.png,2
ctrw_image_442.png,2
ctrw_image_440.png,2
ctrw_image_441.png,2
ctrw_image_443.png,2
ctrw_image_44.png,2
ctrw_image_437.png,2
ctrw_image_438.png,2
ctrw_image_439.png,2
ctrw_image_436.png,2
ctrw_image_435.png,2
ctrw_image_433.png,2
ctrw_image_431.png,2
ctrw_image_434.png,2
ctrw_image_430.png,2
ctrw_image_43.png,2
ctrw_image_432.png,2
ctrw_image_427.png,2
ctrw_image_428.png,2
ctrw_image_429.png,2
ctrw_image_426.png,2
ctrw_image_425.png,2
ctrw_image_424.png,2
ctrw_image_421.png,2
ctrw_image_422.png,2
ctrw_image_423.png,2
ctrw_image_420.png,2
ctrw_image_42.png,2
ctrw_image_418.png,2
ctrw_image_416.png,2
ctrw_image_417.png,2
ctrw_image_415.png,2
ctrw_image_414.png,2
ctrw_image_413.png,2
ctrw_image_412.png,2
ctrw_image_411.png,2
ctrw_image_410.png,2
ctrw_image_409.png,2
ctrw_image_41.png,2
ctrw_image_419.png,2
ctrw_image_408.png,2
ctrw_image_407.png,2
ctrw_image_406.png,2
ctrw_image_404.png,2
ctrw_image_405.png,2
ctrw_image_402.png,2
ctrw_image_401.png,2
ctrw_image_40.png,2
ctrw_image_400.png,2
ctrw_image_403.png,2
ctrw_image_4.png,2
ctrw_image_399.png,2
ctrw_image_397.png,2
ctrw_image_398.png,2
ctrw_image_396.png,2
ctrw_image_395.png,2
ctrw_image_394.png,2
ctrw_image_393.png,2
ctrw_image_392.png,2
ctrw_image_390.png,2
ctrw_image_391.png,2
ctrw_image_389.png,2
ctrw_image_39.png,2
ctrw_image_388.png,2
ctrw_image_387.png,2
ctrw_image_386.png,2
ctrw_image_384.png,2
ctrw_image_385.png,2
ctrw_image_382.png,2
ctrw_image_381.png,2
ctrw_image_38.png,2
ctrw_image_380.png,2
ctrw_image_379.png,2
ctrw_image_378.png,2
ctrw_image_377.png,2
ctrw_image_376.png,2
ctrw_image_375.png,2
ctrw_image_374.png,2
ctrw_image_372.png,2
ctrw_image_373.png,2
ctrw_image_371.png,2
ctrw_image_370.png,2
ctrw_image_37.png,2
ctrw_image_369.png,2
ctrw_image_383.png,2
ctrw_image_368.png,2
ctrw_image_367.png,2
ctrw_image_366.png,2
ctrw_image_365.png,2
ctrw_image_360.png,2
ctrw_image_362.png,2
ctrw_image_364.png,2
ctrw_image_361.png,2
ctrw_image_36.png,2
ctrw_image_359.png,2
ctrw_image_363.png,2
ctrw_image_357.png,2
ctrw_image_358.png,2
ctrw_image_356.png,2
ctrw_image_355.png,2
ctrw_image_354.png,2
ctrw_image_353.png,2
ctrw_image_352.png,2
ctrw_image_349.png,2
ctrw_image_348.png,2
ctrw_image_35.png,2
ctrw_image_351.png,2
ctrw_image_347.png,2
ctrw_image_346.png,2
ctrw_image_345.png,2
ctrw_image_343.png,2
ctrw_image_350.png,2
ctrw_image_344.png,2
ctrw_image_342.png,2
ctrw_image_340.png,2
ctrw_image_341.png,2
ctrw_image_34.png,2
ctrw_image_338.png,2
ctrw_image_339.png,2
ctrw_image_336.png,2
ctrw_image_337.png,2
ctrw_image_335.png,2
ctrw_image_334.png,2
ctrw_image_333.png,2
ctrw_image_332.png,2
ctrw_image_331.png,2
ctrw_image_330.png,2
ctrw_image_328.png,2
ctrw_image_329.png,2
ctrw_image_33.png,2
ctrw_image_327.png,2
ctrw_image_326.png,2
ctrw_image_325.png,2
ctrw_image_324.png,2
ctrw_image_323.png,2
ctrw_image_322.png,2
ctrw_image_321.png,2
ctrw_image_320.png,2
ctrw_image_32.png,2
ctrw_image_318.png,2
ctrw_image_319.png,2
ctrw_image_316.png,2
ctrw_image_317.png,2
ctrw_image_314.png,2
ctrw_image_313.png,2
ctrw_image_311.png,2
ctrw_image_312.png,2
ctrw_image_310.png,2
ctrw_image_315.png,2
ctrw_image_31.png,2
ctrw_image_307.png,2
ctrw_image_308.png,2
ctrw_image_309.png,2
ctrw_image_305.png,2
ctrw_image_306.png,2
ctrw_image_304.png,2
ctrw_image_303.png,2
ctrw_image_301.png,2
ctrw_image_302.png,2
ctrw_image_300.png,2
ctrw_image_30.png,2
ctrw_image_3.png,2
ctrw_image_299.png,2
ctrw_image_297.png,2
ctrw_image_298.png,2
ctrw_image_296.png,2
ctrw_image_295.png,2
ctrw_image_294.png,2
ctrw_image_293.png,2
ctrw_image_292.png,2
ctrw_image_291.png,2
ctrw_image_290.png,2
ctrw_image_29.png,2
ctrw_image_289.png,2
ctrw_image_288.png,2
ctrw_image_286.png,2
ctrw_image_287.png,2
ctrw_image_285.png,2
ctrw_image_284.png,2
ctrw_image_283.png,2
ctrw_image_282.png,2
ctrw_image_281.png,2
ctrw_image_280.png,2
ctrw_image_28.png,2
ctrw_image_279.png,2
ctrw_image_278.png,2
ctrw_image_277.png,2
ctrw_image_276.png,2
ctrw_image_275.png,2
ctrw_image_274.png,2
ctrw_image_272.png,2
ctrw_image_273.png,2
ctrw_image_271.png,2
ctrw_image_270.png,2
ctrw_image_27.png,2
ctrw_image_268.png,2
ctrw_image_267.png,2
ctrw_image_269.png,2
ctrw_image_266.png,2
ctrw_image_265.png,2
ctrw_image_264.png,2
ctrw_image_261.png,2
ctrw_image_260.png,2
ctrw_image_263.png,2
ctrw_image_262.png,2
ctrw_image_26.png,2
ctrw_image_259.png,2
ctrw_image_257.png,2
ctrw_image_256.png,2
ctrw_image_255.png,2
ctrw_image_254.png,2
ctrw_image_258.png,2
ctrw_image_253.png,2
ctrw_image_251.png,2
ctrw_image_252.png,2
ctrw_image_250.png,2
ctrw_image_25.png,2
ctrw_image_248.png,2
ctrw_image_247.png,2
ctrw_image_246.png,2
ctrw_image_249.png,2
ctrw_image_245.png,2
ctrw_image_244.png,2
ctrw_image_243.png,2
ctrw_image_242.png,2
ctrw_image_241.png,2
ctrw_image_240.png,2
ctrw_image_239.png,2
ctrw_image_238.png,2
ctrw_image_24.png,2
ctrw_image_236.png,2
ctrw_image_235.png,2
ctrw_image_237.png,2
ctrw_image_234.png,2
ctrw_image_233.png,2
ctrw_image_232.png,2
ctrw_image_231.png,2
ctrw_image_230.png,2
ctrw_image_23.png,2
ctrw_image_228.png,2
ctrw_image_227.png,2
ctrw_image_229.png,2
ctrw_image_226.png,2
ctrw_image_225.png,2
ctrw_image_224.png,2
ctrw_image_223.png,2
ctrw_image_222.png,2
ctrw_image_220.png,2
ctrw_image_22.png,2
ctrw_image_219.png,2
ctrw_image_221.png,2
ctrw_image_218.png,2
ctrw_image_217.png,2
ctrw_image_216.png,2
ctrw_image_215.png,2
ctrw_image_214.png,2
ctrw_image_213.png,2
ctrw_image_212.png,2
ctrw_image_211.png,2
ctrw_image_210.png,2
ctrw_image_21.png,2
ctrw_image_209.png,2
ctrw_image_208.png,2
ctrw_image_207.png,2
ctrw_image_206.png,2
ctrw_image_205.png,2
ctrw_image_204.png,2
ctrw_image_203.png,2
ctrw_image_202.png,2
ctrw_image_201.png,2
ctrw_image_20.png,2
ctrw_image_200.png,2
ctrw_image_199.png,2
ctrw_image_2.png,2
ctrw_image_197.png,2
ctrw_image_196.png,2
ctrw_image_195.png,2
ctrw_image_198.png,2
ctrw_image_194.png,2
ctrw_image_193.png,2
ctrw_image_192.png,2
ctrw_image_191.png,2
ctrw_image_190.png,2
ctrw_image_19.png,2
ctrw_image_188.png,2
ctrw_image_189.png,2
ctrw_image_187.png,2
ctrw_image_185.png,2
ctrw_image_182.png,2
ctrw_image_184.png,2
ctrw_image_183.png,2
ctrw_image_186.png,2
ctrw_image_181.png,2
ctrw_image_180.png,2
ctrw_image_18.png,2
ctrw_image_179.png,2
ctrw_image_178.png,2
ctrw_image_177.png,2
ctrw_image_176.png,2
ctrw_image_175.png,2
ctrw_image_174.png,2
ctrw_image_173.png,2
ctrw_image_171.png,2
ctrw_image_172.png,2
ctrw_image_170.png,2
ctrw_image_17.png,2
ctrw_image_169.png,2
ctrw_image_167.png,2
ctrw_image_168.png,2
ctrw_image_166.png,2
ctrw_image_165.png,2
ctrw_image_164.png,2
ctrw_image_163.png,2
ctrw_image_161.png,2
ctrw_image_162.png,2
ctrw_image_16.png,2
ctrw_image_160.png,2
ctrw_image_159.png,2
ctrw_image_158.png,2
ctrw_image_157.png,2
ctrw_image_155.png,2
ctrw_image_156.png,2
ctrw_image_154.png,2
ctrw_image_152.png,2
ctrw_image_153.png,2
ctrw_image_151.png,2
ctrw_image_150.png,2
ctrw_image_15.png,2
ctrw_image_149.png,2
ctrw_image_148.png,2
ctrw_image_147.png,2
ctrw_image_146.png,2
ctrw_image_145.png,2
ctrw_image_144.png,2
ctrw_image_143.png,2
ctrw_image_141.png,2
ctrw_image_142.png,2
ctrw_image_140.png,2
ctrw_image_139.png,2
ctrw_image_14.png,2
ctrw_image_138.png,2
ctrw_image_137.png,2
ctrw_image_135.png,2
ctrw_image_136.png,2
ctrw_image_132.png,2
ctrw_image_130.png,2
ctrw_image_134.png,2
ctrw_image_133.png,2
ctrw_image_13.png,2
ctrw_image_131.png,2
ctrw_image_129.png,2
ctrw_image_127.png,2
ctrw_image_128.png,2
ctrw_image_126.png,2
ctrw_image_124.png,2
ctrw_image_125.png,2
ctrw_image_123.png,2
ctrw_image_122.png,2
ctrw_image_120.png,2
ctrw_image_121.png,2
ctrw_image_12.png,2
ctrw_image_119.png,2
ctrw_image_116.png,2
ctrw_image_117.png,2
ctrw_image_115.png,2
ctrw_image_114.png,2
ctrw_image_118.png,2
ctrw_image_113.png,2
ctrw_image_111.png,2
ctrw_image_110.png,2
ctrw_image_112.png,2
ctrw_image_11.png,2
ctrw_image_109.png,2
ctrw_image_108.png,2
ctrw_image_107.png,2
ctrw_image_106.png,2
ctrw_image_105.png,2
ctrw_image_104.png,2
ctrw_image_103.png,2
ctrw_image_102.png,2
ctrw_image_101.png,2
ctrw_image_1.png,2
ctrw_image_10.png,2
ctrw_image_100.png,2
ctrw_image_0.png,2
ctrw_image_99.png,2
